state_name,district_name,population,confirmed,recovered,deceased,tested
Andaman and Nicobar Islands,Nicobars,36842,0,0,0,0
Andaman and Nicobar Islands,North and Middle Andaman,105597,0,0,0,0
Andaman and Nicobar Islands,South Andaman,238142,0,0,0,0
Andhra Pradesh,Anantapur,4083315,157843,156699,1093,787085
Andhra Pradesh,Chittoor,4170468,246935,244144,1947,780322
Andhra Pradesh,East Godavari,5151549,293836,291610,1290,944746
Andhra Pradesh,Guntur,4889230,178068,176629,1237,833823
Andhra Pradesh,Krishna,4529009,119348,117130,1430,782232
Andhra Pradesh,Kurnool,4046601,124142,123264,853,867361
Andhra Pradesh,Prakasam,3392764,138482,136989,1124,697340
Andhra Pradesh,S.P.S. Nellore,2966082,146388,144919,1053,682964
Andhra Pradesh,Srikakulam,2699471,123109,122136,786,670899
Andhra Pradesh,Visakhapatnam,4288113,157737,156492,1127,744983
Andhra Pradesh,Vizianagaram,2342868,82967,82231,672,531433
Andhra Pradesh,West Godavari,3934782,179077,177680,1117,793098
Andhra Pradesh,Y.S.R. Kadapa,2884524,115623,114904,644,671761
Arunachal Pradesh,Anjaw,21089,1068,1065,3,2845
Arunachal Pradesh,Changlang,147951,3807,3780,22,23861
Arunachal Pradesh,East Kameng,78413,1094,1094,0,7489
Arunachal Pradesh,East Siang,99019,3206,3183,17,21867
Arunachal Pradesh,Kamle,22256,512,512,0,1385
Arunachal Pradesh,Kurung Kumey,89717,511,510,1,4201
Arunachal Pradesh,Lohit,145538,2885,2851,26,14945
Arunachal Pradesh,Longding,60000,752,749,2,10342
Arunachal Pradesh,Lower Dibang Valley,53986,2426,2397,11,12169
Arunachal Pradesh,Lower Siang,80597,738,730,8,7070
Arunachal Pradesh,Lower Subansiri,82839,3036,3015,15,10564
Arunachal Pradesh,Namsai,95950,2124,2102,17,19987
Arunachal Pradesh,Papum Pare,176385,18316,18212,98,41960
Arunachal Pradesh,Shi Yomi,13310,262,261,0,2169
Arunachal Pradesh,Siang,31920,411,408,3,4270
Arunachal Pradesh,Tawang,49950,2577,2533,20,14224
Arunachal Pradesh,Tirap,111997,1109,1102,5,14657
Arunachal Pradesh,Upper Dibang Valley,7948,337,335,2,1910
Arunachal Pradesh,Upper Siang,35289,1016,1015,1,6564
Arunachal Pradesh,Upper Subansiri,83205,1958,1952,6,6217
Arunachal Pradesh,West Kameng,87013,3545,3518,14,28155
Arunachal Pradesh,West Siang,112272,1868,1856,6,13192
Assam,Baksa,953773,0,0,0,0
Assam,Barpeta,1693190,0,0,0,0
Assam,Biswanath,612491,0,0,0,0
Assam,Bongaigaon,732639,0,0,0,0
Assam,Cachar,1736319,0,0,0,0
Assam,Chirang,481818,0,0,0,0
Assam,Darrang,908090,0,0,0,0
Assam,Dhemaji,688077,0,0,0,0
Assam,Dhubri,1948632,0,0,0,0
Assam,Dibrugarh,1327748,0,0,0,301657
Assam,Dima Hasao,213529,0,0,0,0
Assam,Goalpara,1008959,0,0,0,0
Assam,Golaghat,1058674,0,0,0,0
Assam,Hailakandi,659260,0,0,0,0
Assam,Hojai,931218,0,0,0,0
Assam,Jorhat,1091295,0,0,0,0
Assam,Kamrup,1517202,0,0,0,0
Assam,Kamrup Metropolitan,1260419,0,0,0,0
Assam,Karbi Anglong,965280,0,0,0,0
Assam,Karimganj,1217002,0,0,0,0
Assam,Kokrajhar,886999,0,0,0,0
Assam,Lakhimpur,1040644,0,0,0,0
Assam,Majuli,167304,0,0,0,0
Assam,Morigaon,957853,0,0,0,0
Assam,Nagaon,2826006,0,0,0,0
Assam,Nalbari,769919,0,0,0,0
Assam,Sivasagar,1150253,0,0,0,0
Assam,Sonitpur,1925975,0,0,0,0
Assam,South Salmara Mankachar,555114,0,0,0,0
Assam,Tinsukia,1316948,0,0,0,0
Assam,Udalguri,832769,0,0,0,24661
Assam,West Karbi Anglong,300320,0,0,0,0
Bihar,Araria,2806200,14978,14859,116,219221
Bihar,Arwal,700843,7381,7307,74,101624
Bihar,Aurangabad,2511243,20011,19936,75,412007
Bihar,Banka,2029339,7379,7267,112,364776
Bihar,Begusarai,2954367,27212,26754,457,213670
Bihar,Bhagalpur,3032226,25840,25531,309,582113
Bihar,Bhojpur,2720155,10210,10051,159,466438
Bihar,Buxar,1707643,9248,9066,182,461428
Bihar,Darbhanga,3921971,10937,10567,370,448442
Bihar,East Champaran,5082868,19017,18585,430,548132
Bihar,Gaya,4379383,33952,33672,280,872359
Bihar,Gopalganj,2558037,16685,16591,94,562654
Bihar,Jamui,1756078,9418,9312,106,342005
Bihar,Jehanabad,1124176,10783,10674,109,492255
Bihar,Kaimur,1626900,4984,4837,147,442332
Bihar,Katihar,3068149,18145,18051,94,556438
Bihar,Khagaria,1657599,10064,9976,88,148340
Bihar,Kishanganj,1690948,10128,10057,66,294321
Bihar,Lakhisarai,1000717,7776,7674,102,332434
Bihar,Madhepura,1994618,12547,12435,111,455482
Bihar,Madhubani,4476044,18365,18023,339,715168
Bihar,Munger,1359054,15111,14953,158,325212
Bihar,Muzaffarpur,4778610,31398,30777,621,722651
Bihar,Nalanda,2872523,23432,22964,468,591346
Bihar,Nawada,2216653,10353,10174,178,322514
Bihar,Patna,5772804,147007,144651,2334,676238
Bihar,Purnia,3273127,24427,24247,180,568756
Bihar,Rohtas,2962593,13980,13707,271,521553
Bihar,Saharsa,1897102,17616,17482,134,356327
Bihar,Samastipur,4254782,20020,19864,155,614569
Bihar,Saran,3943098,23278,23020,255,761473
Bihar,Sheikhpura,634927,7693,7618,75,142348
Bihar,Sheohar,656916,4404,4368,36,199431
Bihar,Sitamarhi,3419622,9185,9058,127,453227
Bihar,Siwan,3318176,15195,15025,170,536438
Bihar,Supaul,2228397,17222,17093,129,456511
Bihar,Vaishali,3495021,19827,19632,192,275884
Bihar,West Champaran,3935042,20890,20532,358,551778
Chandigarh,Chandigarh,1055450,65351,64495,820,792851
Chhattisgarh,Balod,826165,27278,26880,396,2749
Chhattisgarh,Baloda Bazar,1305343,43085,42611,471,3816
Chhattisgarh,Balrampur,598855,20302,20182,118,21481
Chhattisgarh,Bametara,197035,19963,19726,236,3113
Chhattisgarh,Bastar,1302253,21066,20845,188,4522
Chhattisgarh,Bijapur,229832,8324,8263,55,1239
Chhattisgarh,Bilaspur,1961922,65681,64448,1210,9823
Chhattisgarh,Dakshin Bastar Dantewada,533638,10840,10809,25,1168
Chhattisgarh,Dhamtari,799199,27239,26690,545,1501
Chhattisgarh,Durg,3343079,96880,95028,1798,5020
Chhattisgarh,Gariaband,597653,19701,19506,194,2096
Chhattisgarh,Janjgir Champa,1620632,57636,56766,838,4016
Chhattisgarh,Jashpur,852043,27093,26867,212,2542
Chhattisgarh,Kabeerdham,584667,22771,22503,267,2829
Chhattisgarh,Kondagaon,578326,13139,13036,99,1607
Chhattisgarh,Korba,1206563,54847,54228,580,10034
Chhattisgarh,Koriya,659039,26980,26798,177,2689
Chhattisgarh,Mahasamund,1032275,31365,31000,365,2183
Chhattisgarh,Mungeli,701707,23921,23753,167,2922
Chhattisgarh,Narayanpur,140206,4019,4005,14,804
Chhattisgarh,Raigarh,1493627,62590,61597,978,5084
Chhattisgarh,Raipur,4062160,158035,154852,3139,12704
Chhattisgarh,Rajnandgaon,1537520,56077,55557,515,124947
Chhattisgarh,Sukma,249000,8066,8041,20,1723
Chhattisgarh,Surajpur,660280,29029,28805,224,1830
Chhattisgarh,Surguja,420661,33673,33426,245,103578
Chhattisgarh,Uttar Bastar Kanker,748593,23636,23407,224,2051
Delhi,Delhi,19814000,1439870,1414431,25091,29427753
Dadra and Nagar Haveli and Daman and Diu,Dadra and Nagar Haveli,343709,5920,5910,3,44813
Dadra and Nagar Haveli and Daman and Diu,Daman,191173,3543,3516,1,19338
Dadra and Nagar Haveli and Daman and Diu,Diu,52074,1218,1218,0,8259
Goa,North Goa,817761,0,0,0,0
Goa,South Goa,639962,0,0,0,0
Gujarat,Ahmedabad,7208200,238334,234889,3411,2556492
Gujarat,Amreli,1513614,10810,10708,102,212265
Gujarat,Anand,2090276,9637,9581,49,171851
Gujarat,Aravalli,1051746,5186,5108,78,122182
Gujarat,Banaskantha,3116045,13631,13469,162,218527
Gujarat,Bharuch,1550822,11426,11308,118,156057
Gujarat,Bhavnagar,2877961,21447,21143,301,392834
Gujarat,Botad,656005,2218,2176,42,98559
Gujarat,Chhota Udaipur,1071831,3395,3357,38,93838
Gujarat,Dahod,2126558,9955,9917,38,218259
Gujarat,Dang,226769,866,848,18,31921
Gujarat,Devbhumi Dwarka,752484,4175,4093,82,80424
Gujarat,Gandhinagar,1387478,20754,20549,205,292598
Gujarat,Gir Somnath,1217477,8570,8499,67,121948
Gujarat,Jamnagar,2159130,34978,34494,478,307911
Gujarat,Junagadh,2742291,20505,20226,272,199699
Gujarat,Kheda,2298934,10439,10391,48,218140
Gujarat,Kutch,2090313,12631,12474,145,267060
Gujarat,Mahisagar,994624,8194,8122,72,122796
Gujarat,Mehsana,2027727,24419,24242,177,229904
Gujarat,Morbi,960329,6502,6415,87,157321
Gujarat,Narmada,590379,5955,5940,15,76134
Gujarat,Navsari,1330711,7215,7181,24,129099
Gujarat,Panchmahal,2388267,11770,11700,70,160981
Gujarat,Patan,1342746,11624,11495,129,169059
Gujarat,Porbandar,586062,3486,3467,19,97912
Gujarat,Rajkot,3157676,57976,57243,725,731251
Gujarat,Sabarkantha,2427346,9317,9159,157,182090
Gujarat,Surat,4996391,143874,141885,1956,1938229
Gujarat,Surendranagar,1755873,8121,7985,136,201153
Gujarat,Tapi,806489,4441,4417,24,92524
Gujarat,Vadodara,3639775,78159,77335,788,695670
Gujarat,Valsad,1703068,6405,6308,53,155380
Himachal Pradesh,Bilaspur,382056,14374,14120,85,39738
Himachal Pradesh,Chamba,518844,13687,13492,160,53505
Himachal Pradesh,Hamirpur,454293,17379,16741,287,46407
Himachal Pradesh,Kangra,1507223,50818,48872,1125,94910
Himachal Pradesh,Kinnaur,84298,3507,3465,38,6730
Himachal Pradesh,Kullu,437474,9692,9496,158,12012
Himachal Pradesh,Lahaul and Spiti,31528,2953,2935,18,540
Himachal Pradesh,Mandi,999518,31606,30983,448,41895
Himachal Pradesh,Shimla,813384,27549,26786,641,32922
Himachal Pradesh,Sirmaur,530164,15456,15244,211,42564
Himachal Pradesh,Solan,576670,22817,22472,314,57200
Himachal Pradesh,Una,521057,14268,13804,253,52905
Haryana,Ambala,1136784,30150,29639,509,206003
Haryana,Bhiwani,1629109,22409,21757,652,176225
Haryana,Charkhi Dadri,502276,5078,4939,139,58525
Haryana,Faridabad,1798954,99902,99157,716,504970
Haryana,Fatehabad,941522,17875,17394,481,27456
Haryana,Gurugram,1514085,181428,180454,922,742619
Haryana,Hisar,1742815,53995,52857,1136,322039
Haryana,Jhajjar,956907,18849,18514,328,186853
Haryana,Jind,1332042,21209,20675,533,11157
Haryana,Kaithal,1072861,11244,10898,346,11687
Haryana,Karnal,1506323,40037,39484,552,185147
Haryana,Kurukshetra,964231,22147,21789,357,198881
Haryana,Mahendragarh,921680,21689,21534,155,143253
Haryana,Nuh,1089406,5014,4890,123,93389
Haryana,Palwal,1040493,11025,10872,153,139809
Haryana,Panchkula,558890,30770,30379,378,118725
Haryana,Panipat,1202811,31150,30510,638,58863
Haryana,Rewari,896129,20327,20106,221,151363
Haryana,Rohtak,1058683,25903,25350,534,25894
Haryana,Sirsa,1295114,29282,28771,508,150193
Haryana,Sonipat,1480080,47138,46884,254,238963
Haryana,Yamunanagar,1214162,24631,24215,414,196131
Jharkhand,Bokaro,2061918,19461,19170,286,11798
Jharkhand,Chatra,1042304,6033,5977,53,0
Jharkhand,Deoghar,1491879,10835,10721,113,6951
Jharkhand,Dhanbad,2682662,16589,16196,382,0
Jharkhand,Dumka,1321096,4636,4589,47,5400
Jharkhand,East Singhbhum,2291032,51974,50907,1046,0
Jharkhand,Garhwa,1322387,6895,6801,94,0
Jharkhand,Giridih,2445203,8964,8834,130,11132
Jharkhand,Godda,1311382,5840,5753,87,10980
Jharkhand,Gumla,1025656,9900,9857,38,0
Jharkhand,Hazaribagh,1734005,19593,19404,186,0
Jharkhand,Jamtara,790207,5599,5534,61,2880
Jharkhand,Khunti,530299,7820,7724,96,3852
Jharkhand,Koderma,717169,12872,12736,136,0
Jharkhand,Latehar,725673,7871,7814,57,0
Jharkhand,Lohardaga,461738,6709,6621,88,7526
Jharkhand,Pakur,899200,2552,2539,12,6429
Jharkhand,Palamu,1936319,12294,12184,110,0
Jharkhand,Ramgarh,949159,13923,13714,197,0
Jharkhand,Ranchi,2912022,86116,84495,1585,0
Jharkhand,Sahibganj,1150038,4834,4792,42,5029
Jharkhand,Saraikela-Kharsawan,1063458,7207,7137,67,161796
Jharkhand,Simdega,599813,7193,7101,92,0
Jharkhand,West Singhbhum,1501619,13054,12918,133,0
Jammu and Kashmir,Anantnag,1070144,16603,16378,205,0
Jammu and Kashmir,Bandipora,385099,9814,9693,102,0
Jammu and Kashmir,Baramulla,1015503,24613,24196,282,0
Jammu and Kashmir,Budgam,735753,23844,23548,207,0
Jammu and Kashmir,Doda,409576,7869,7704,133,0
Jammu and Kashmir,Ganderbal,297003,10436,10313,79,0
Jammu and Kashmir,Jammu,1526406,53324,52145,1145,0
Jammu and Kashmir,Kathua,615711,9327,9175,152,0
Jammu and Kashmir,Kishtwar,230696,4819,4773,44,0
Jammu and Kashmir,Kulgam,422786,11489,11367,117,0
Jammu and Kashmir,Kupwara,875564,14463,14268,166,0
Jammu and Kashmir,Pulwama,570060,15512,15309,194,139552
Jammu and Kashmir,Punch,476820,6482,6371,98,0
Jammu and Kashmir,Rajouri,619266,11272,11031,237,0
Jammu and Kashmir,Ramban,283313,6043,5971,67,0
Jammu and Kashmir,Reasi,314714,6626,6575,43,0
Jammu and Kashmir,Samba,318611,7152,7032,120,0
Jammu and Kashmir,Shopiyan,265960,5607,5549,58,0
Jammu and Kashmir,Srinagar,1269751,75539,74242,846,0
Jammu and Kashmir,Udhampur,555357,11415,11275,137,0
Karnataka,Bagalkote,1890826,35178,34843,333,49851
Karnataka,Ballari,2532383,97763,95961,1689,402407
Karnataka,Belagavi,4778439,79900,78879,938,396565
Karnataka,Bengaluru Rural,987257,62005,61073,890,240277
Karnataka,Bengaluru Urban,9588910,1251872,1229059,16281,6883888
Karnataka,Bidar,1700018,24340,23936,400,67689
Karnataka,Chamarajanagara,1020962,33001,32469,500,5156
Karnataka,Chikkaballapura,1254377,43951,43501,429,15089
Karnataka,Chikkamagaluru,1137753,51126,50662,395,5467
Karnataka,Chitradurga,1660378,36666,36412,206,4393
Karnataka,Dakshina Kannada,2083625,115478,113515,1680,131281
Karnataka,Davanagere,1946905,50989,50359,608,17483
Karnataka,Dharwad,1846993,60970,59639,1315,137696
Karnataka,Gadag,1065235,26066,25747,319,8904
Karnataka,Hassan,1776221,111785,110294,1256,10800
Karnataka,Haveri,1598506,21947,21301,644,11714
Karnataka,Kalaburagi,2564892,61926,61087,819,409596
Karnataka,Kodagu,554762,37095,36616,329,143982
Karnataka,Kolar,1540231,46916,46266,638,91924
Karnataka,Koppal,1391292,35198,34660,521,8708
Karnataka,Mandya,1808680,73753,73029,650,14874
Karnataka,Mysuru,2994744,179167,176447,2416,107338
Karnataka,Raichur,1924773,39973,39641,331,21011
Karnataka,Ramanagara,1082739,24204,23869,320,103399
Karnataka,Shivamogga,1755512,69444,68239,1088,48760
Karnataka,Tumakuru,2681449,120836,119420,1127,106564
Karnataka,Udupi,1177908,76718,76181,489,86092
Karnataka,Uttara Kannada,1353299,56218,55339,766,13833
Karnataka,Vijayapura,2175102,36267,35764,495,25108
Karnataka,Yadgir,1172985,27545,27337,207,221485
Kerala,Alappuzha,2121943,316160,313515,1862,0
Kerala,Ernakulam,3279860,602800,583842,3555,0
Kerala,Idukki,1107453,147118,140292,519,237691
Kerala,Kannur,2525637,275264,269475,2325,392136
Kerala,Kasaragod,1302600,138815,134824,617,0
Kerala,Kollam,2629703,390872,383923,2451,0
Kerala,Kottayam,1979384,322484,315759,1356,0
Kerala,Kozhikode,3089543,527346,519030,3374,955060
Kerala,Malappuram,4110956,567584,562111,2576,469850
Kerala,Palakkad,2810892,373839,364351,2881,226562
Kerala,Pathanamthitta,1195537,193406,184979,1076,306034
Kerala,Thiruvananthapuram,3307284,463977,448304,4996,436661
Kerala,Thrissur,3110327,523260,515481,3575,639055
Kerala,Wayanad,816558,125732,121295,518,211953
Ladakh,Kargil,143000,3619,3556,58,37471
Ladakh,Leh,147000,17343,17131,150,72597
Lakshadweep,Lakshadweep,64473,10365,10270,51,263541
Maharashtra,Ahmednagar,4543083,339457,330122,7043,11077
Maharashtra,Akola,1818617,58764,57318,1425,0
Maharashtra,Amravati,2887826,96231,94618,1594,0
Maharashtra,Aurangabad,3695928,155331,150615,4251,11800
Maharashtra,Beed,2585962,103749,100803,2806,111488
Maharashtra,Bhandara,1198810,60080,58945,1123,54195
Maharashtra,Buldhana,2588039,85520,84710,797,115874
Maharashtra,Chandrapur,2194262,88968,87387,1560,199809
Maharashtra,Dhule,2048781,46172,45501,654,90092
Maharashtra,Gadchiroli,1071795,30440,29735,669,11993
Maharashtra,Gondia,1322331,40519,39941,569,130146
Maharashtra,Hingoli,1178973,18475,17949,506,6797
Maharashtra,Jalgaon,4224442,139934,137178,2714,429198
Maharashtra,Jalna,1958483,60615,59382,1209,117047
Maharashtra,Kolhapur,3874015,206671,200699,5847,0
Maharashtra,Latur,2455543,92133,89608,2437,0
Maharashtra,Mumbai,12442373,756749,733318,16247,2789713
Maharashtra,Nagpur,4653171,493607,484334,9128,382083
Maharashtra,Nanded,3356566,90409,87721,2658,117319
Maharashtra,Nandurbar,1646177,40006,39054,948,37740
Maharashtra,Nashik,6109052,410681,401418,8679,498397
Maharashtra,Osmanabad,1660311,67828,65577,1963,109450
Maharashtra,Palghar,2990116,138013,134309,3282,319724
Maharashtra,Parbhani,1835982,52362,51078,1233,110937
Maharashtra,Pune,9426959,1154776,1131401,19594,97127
Maharashtra,Raigad,2635394,195958,190759,4551,304088
Maharashtra,Ratnagiri,1612672,78950,76292,2478,0
Maharashtra,Sangli,2820575,209771,203673,5613,0
Maharashtra,Satara,3003922,250414,243482,6428,312742
Maharashtra,Sindhudurg,848868,52783,50987,1434,0
Maharashtra,Solapur,4315527,210466,204364,5551,629266
Maharashtra,Thane,11060148,610128,597141,11462,1229625
Maharashtra,Wardha,1296157,57344,55956,1217,52365
Maharashtra,Washim,1196714,41663,41020,637,0
Maharashtra,Yavatmal,2775457,75967,74159,1798,141551
Meghalaya,East Garo Hills,317618,1867,1844,13,0
Meghalaya,East Jaintia Hills,122436,2430,2395,31,0
Meghalaya,East Khasi Hills,824059,41025,39754,987,0
Meghalaya,North Garo Hills,118325,1685,1674,8,0
Meghalaya,Ribhoi,258380,9697,9584,89,0
Meghalaya,South Garo Hills,142574,1216,1203,12,0
Meghalaya,South West Garo Hills,172495,1872,1852,17,0
Meghalaya,South West Khasi Hills,110152,2548,2525,17,0
Meghalaya,West Garo Hills,642923,9027,8943,72,0
Meghalaya,West Jaintia Hills,270352,6803,6642,133,0
Meghalaya,West Khasi Hills,385601,5457,5330,71,0
Manipur,Bishnupur,240363,0,0,0,0
Manipur,Chandel,144028,0,0,0,0
Manipur,Churachandpur,271274,0,0,0,13542
Manipur,Imphal East,452661,0,0,0,0
Manipur,Imphal West,514683,0,0,0,0
Manipur,Jiribam,43818,0,0,0,0
Manipur,Kakching,135481,0,0,0,0
Manipur,Kamjong,45616,0,0,0,0
Manipur,Pherzawl,47250,0,0,0,0
Manipur,Senapati,354772,0,0,0,0
Manipur,Tamenglong,140143,0,0,0,0
Manipur,Thoubal,420517,0,0,0,0
Manipur,Ukhrul,183115,0,0,0,0
Madhya Pradesh,Alirajpur,728677,3505,3453,48,0
Madhya Pradesh,Anuppur,749521,9238,9140,89,3424
Madhya Pradesh,Ashoknagar,844979,3670,3613,57,55792
Madhya Pradesh,Balaghat,1701156,9100,9017,64,9654
Madhya Pradesh,Barwani,1385659,8366,8267,90,41588
Madhya Pradesh,Betul,1575247,12905,12590,277,68036
Madhya Pradesh,Bhind,1703562,2995,2960,32,44395
Madhya Pradesh,Bhopal,2368145,123552,122121,972,245166
Madhya Pradesh,Burhanpur,756993,2568,2529,39,13040
Madhya Pradesh,Chhatarpur,1762857,7609,7506,91,50518
Madhya Pradesh,Chhindwara,2090306,6734,6612,120,79090
Madhya Pradesh,Damoh,1263703,8120,7841,186,16564
Madhya Pradesh,Datia,786375,6959,6874,78,40322
Madhya Pradesh,Dewas,1563107,7723,7672,51,96155
Madhya Pradesh,Dhar,2184672,12572,12388,130,62597
Madhya Pradesh,Dindori,704218,4623,4588,29,3557
Madhya Pradesh,Guna,1240938,5132,5085,44,40229
Madhya Pradesh,Gwalior,2030543,53106,52427,633,206696
Madhya Pradesh,Harda,570302,5055,4954,96,36708
Madhya Pradesh,Hoshangabad,1240975,10688,10570,99,46294
Madhya Pradesh,Indore,3272335,153230,151410,1391,780266
Madhya Pradesh,Jabalpur,2460714,50779,49896,670,293923
Madhya Pradesh,Jhabua,1024091,7691,7619,64,52146
Madhya Pradesh,Katni,1291684,9366,9242,120,56828
Madhya Pradesh,Khandwa,1309443,4044,3946,94,17090
Madhya Pradesh,Khargone,1872413,13970,13716,239,38413
Madhya Pradesh,Mandla,1053522,5188,5159,25,0
Madhya Pradesh,Mandsaur,1339832,8637,8552,84,52733
Madhya Pradesh,Morena,1965137,8236,8135,95,90967
Madhya Pradesh,Narsinghpur,1092141,11209,11115,81,90600
Madhya Pradesh,Neemuch,825958,7926,7828,84,57292
Madhya Pradesh,Panna,1016028,7331,7250,63,0
Madhya Pradesh,Raisen,1331699,9238,9030,194,44343
Madhya Pradesh,Rajgarh,1546541,8729,8490,172,46604
Madhya Pradesh,Ratlam,1454483,17860,17438,385,51736
Madhya Pradesh,Rewa,2363744,16433,16270,155,22690
Madhya Pradesh,Sagar,2378295,16622,16154,390,64801
Madhya Pradesh,Satna,2228619,11965,11829,133,28159
Madhya Pradesh,Sehore,1311008,10136,10057,73,45061
Madhya Pradesh,Seoni,1378876,6775,6739,28,15024
Madhya Pradesh,Shahdol,1064989,10085,9958,118,18177
Madhya Pradesh,Shajapur,1512353,6349,6273,74,56805
Madhya Pradesh,Sheopur,687952,4000,3919,78,31449
Madhya Pradesh,Shivpuri,1725818,12398,12261,125,47270
Madhya Pradesh,Sidhi,1126515,9219,9132,87,4660
Madhya Pradesh,Singrauli,1178132,8801,8706,82,0
Madhya Pradesh,Tikamgarh,1444920,6863,6742,114,43011
Madhya Pradesh,Ujjain,1986864,18903,18720,172,31631
Madhya Pradesh,Umaria,643579,6294,6224,63,54811
Madhya Pradesh,Vidisha,1458212,11922,11677,237,65935
Mizoram,Aizawl,404054,75111,71337,300,0
Mizoram,Champhai,125370,5188,4745,11,0
Mizoram,Kolasib,83054,7721,7561,30,0
Mizoram,Lawngtlai,117444,6740,6553,23,0
Mizoram,Lunglei,154094,9842,9053,27,0
Mizoram,Mamit,85757,4854,4448,12,0
Mizoram,Saiha,56366,5469,5304,14,0
Mizoram,Serchhip,64875,4210,3646,10,0
Nagaland,Dimapur,379769,14684,13471,421,47020
Nagaland,Kiphire,74033,258,246,9,1002
Nagaland,Kohima,270063,9461,9095,123,33986
Nagaland,Longleng,50593,307,286,2,1193
Nagaland,Mokokchung,193171,2333,2186,54,3976
Nagaland,Mon,259604,1159,1124,14,12278
Nagaland,Peren,163294,920,897,6,5717
Nagaland,Phek,163294,601,568,18,2779
Nagaland,Tuensang,414801,1094,1077,12,4887
Nagaland,Wokha,166239,402,361,11,1390
Nagaland,Zunheboto,141014,623,593,15,2131
Odisha,Angul,1271703,43920,43506,393,172873
Odisha,Balangir,1648574,23397,23257,126,87867
Odisha,Balasore,2317419,40787,40389,299,9843
Odisha,Bargarh,1478833,31126,30762,335,0
Odisha,Bhadrak,1506522,26480,26260,150,258173
Odisha,Boudh,439917,12634,12488,112,496
Odisha,Cuttack,2618708,94631,93404,857,5720
Odisha,Deogarh,312164,6553,6460,50,682
Odisha,Dhenkanal,1192948,19871,19598,243,179477
Odisha,Gajapati,575880,9657,9555,84,715
Odisha,Ganjam,3520151,33849,33342,485,750442
Odisha,Jagatsinghpur,1136604,27920,27510,316,46648
Odisha,Jajpur,1826275,43735,43461,172,53956
Odisha,Jharsuguda,579499,23863,23673,176,1663
Odisha,Kalahandi,1573054,24314,24082,210,1458
Odisha,Kandhamal,731952,11537,11453,83,1516
Odisha,Kendrapara,1439891,24860,24545,252,382732
Odisha,Kendujhar,1802777,20980,20798,175,474504
Odisha,Khordha,2246341,175335,171938,1552,0
Odisha,Koraput,1376934,19137,19044,78,1401
Odisha,Malkangiri,612727,11667,11613,49,1841
Odisha,Mayurbhanj,2513895,40844,40416,286,3307
Odisha,Nabarangapur,1218762,23549,23461,86,162154
Odisha,Nayagarh,962215,23505,23261,212,1104
Odisha,Nuapada,606490,22924,22803,84,310
Odisha,Puri,1697983,45431,44903,459,173340
Odisha,Rayagada,961959,20224,19981,167,578
Odisha,Sambalpur,1044410,31651,31315,240,2007
Odisha,Subarnapur,652107,13187,13115,61,0
Odisha,Sundargarh,2080664,61841,61167,594,0
Punjab,Amritsar,2490891,47379,45757,1598,89227
Punjab,Barnala,596294,5950,5696,244,63447
Punjab,Bathinda,1388859,41728,40668,1042,118489
Punjab,Faridkot,618008,13927,13602,315,23635
Punjab,Fatehgarh Sahib,599814,8876,8538,335,68436
Punjab,Fazilka,1180483,20271,19729,528,63589
Punjab,Ferozepur,2026831,14347,13832,504,74880
Punjab,Gurdaspur,2299026,22381,21576,801,249039
Punjab,Hoshiarpur,1582793,30822,29828,986,221261
Punjab,Jalandhar,2181753,63396,61864,1496,443735
Punjab,Kapurthala,817668,17852,17294,556,38658
Punjab,Ludhiana,3487882,87608,85484,2106,514691
Punjab,Mansa,768808,15606,15226,380,26878
Punjab,Moga,992289,8675,8440,233,77307
Punjab,Pathankot,626154,18814,18373,419,29112
Punjab,Patiala,2892282,48927,47561,1358,273344
Punjab,Rupnagar,683349,12963,12517,423,97745
Punjab,S.A.S. Nagar,986147,68821,67726,1068,41532
Punjab,Sangrur,1654408,15762,14884,875,166332
Punjab,Shahid Bhagat Singh Nagar,614362,11469,11080,388,77715
Punjab,Sri Muktsar Sahib,902702,18784,18257,524,67979
Punjab,Tarn Taran,1120070,8043,7659,380,111446
Puducherry,Karaikal,200222,16488,16150,250,73142
Puducherry,Mahe,41816,5867,5744,47,42415
Puducherry,Puducherry,950289,98885,97171,1453,425639
Puducherry,Yanam,55626,6773,6661,107,26727
Rajasthan,Ajmer,2584913,37769,37352,410,261215
Rajasthan,Alwar,3671999,59694,59387,307,291879
Rajasthan,Banswara,1798194,10005,9901,104,48781
Rajasthan,Baran,1223921,11996,11934,61,46168
Rajasthan,Barmer,2604453,15563,15377,185,113868
Rajasthan,Bharatpur,2549121,19601,19341,260,201441
Rajasthan,Bhilwara,2410459,29781,29625,156,148764
Rajasthan,Bikaner,2367745,40339,39792,545,278302
Rajasthan,Bundi,1113725,7967,7919,48,58167
Rajasthan,Chittorgarh,1544392,19809,19670,139,116002
Rajasthan,Churu,2041172,16720,16613,107,131700
Rajasthan,Dausa,1637226,13351,13289,62,61680
Rajasthan,Dholpur,1207293,11010,10962,48,121308
Rajasthan,Dungarpur,1388906,18407,18276,131,121917
Rajasthan,Ganganagar,1969520,19354,19203,150,80706
Rajasthan,Hanumangarh,1779650,16053,15942,111,82542
Rajasthan,Jaipur,6663971,187804,185816,1970,968783
Rajasthan,Jaisalmer,672008,13639,13573,66,80082
Rajasthan,Jalore,1830151,10067,9995,72,184172
Rajasthan,Jhalawar,1411327,13612,13425,187,97163
Rajasthan,Jhunjhunu,2139658,14811,14653,158,123433
Rajasthan,Jodhpur,3685681,112412,111308,1103,600959
Rajasthan,Karauli,1458459,7156,7086,70,64481
Rajasthan,Kota,1950491,57053,56603,449,355509
Rajasthan,Nagaur,3309234,17737,17560,177,229822
Rajasthan,Pali,2038533,27324,27037,287,179463
Rajasthan,Pratapgarh,868231,7143,7080,63,52208
Rajasthan,Rajsamand,1158283,17044,16875,169,91975
Rajasthan,Sawai Madhopur,1338114,10618,10557,61,84683
Rajasthan,Sikar,2677737,30618,30283,335,165042
Rajasthan,Sirohi,1037185,13732,13653,79,84616
Rajasthan,Tonk,1421711,9498,9406,92,74225
Rajasthan,Udaipur,3067549,56405,55652,753,251522
Sikkim,East Sikkim,281293,0,0,0,0
Sikkim,North Sikkim,43354,0,0,0,0
Sikkim,South Sikkim,146742,0,0,0,0
Sikkim,West Sikkim,136299,0,0,0,0
Telangana,Adilabad,708952,0,0,0,0
Telangana,Bhadradri Kothagudem,1304811,0,0,0,0
Telangana,Hyderabad,3441992,0,0,0,0
Telangana,Jagtial,983414,0,0,0,0
Telangana,Jangaon,582457,0,0,0,0
Telangana,Jayashankar Bhupalapally,712257,0,0,0,0
Telangana,Jogulamba Gadwal,664971,0,0,0,0
Telangana,Kamareddy,972625,0,0,0,0
Telangana,Karimnagar,1016063,0,0,0,0
Telangana,Khammam,1401639,0,0,0,0
Telangana,Komaram Bheem,515835,0,0,0,0
Telangana,Mahabubabad,1318110,0,0,0,0
Telangana,Mancherial,807037,0,0,0,0
Telangana,Medak,767428,0,0,0,0
Telangana,Medchal Malkajgiri,2542203,0,0,0,0
Telangana,Mulugu,294671,0,0,0,0
Telangana,Nagarkurnool,893308,0,0,0,0
Telangana,Nalgonda,1631399,0,0,0,0
Telangana,Narayanpet,566874,0,0,0,0
Telangana,Nirmal,709415,0,0,0,0
Telangana,Nizamabad,1534428,0,0,0,0
Telangana,Peddapalli,795332,0,0,0,0
Telangana,Rajanna Sircilla,546121,0,0,0,0
Telangana,Ranga Reddy,2551731,0,0,0,0
Telangana,Sangareddy,1527628,0,0,0,0
Telangana,Siddipet,993376,0,0,0,0
Telangana,Suryapet,1099560,0,0,0,0
Telangana,Vikarabad,881250,0,0,0,0
Telangana,Wanaparthy,751553,0,0,0,0
Telangana,Warangal Rural,716457,0,0,0,0
Telangana,Warangal Urban,1135707,0,0,0,0
Telangana,Yadadri Bhuvanagiri,726465,0,0,0,0
Tamil Nadu,Ariyalur,752481,16854,16548,261,18285
Tamil Nadu,Chengalpattu,2556244,171777,168327,2506,51771
Tamil Nadu,Chennai,7100000,554672,544701,8546,2667777
Tamil Nadu,Coimbatore,3472578,246780,243070,2416,102107
Tamil Nadu,Cuddalore,2600880,64085,62997,867,36434
Tamil Nadu,Dharmapuri,1502900,28425,27957,274,163803
Tamil Nadu,Dindigul,2161367,33099,32348,645,27800
Tamil Nadu,Erode,2259608,104303,102836,686,66240
Tamil Nadu,Kallakurichi,1370281,31364,31056,210,28314
Tamil Nadu,Kancheepuram,1166401,74970,73386,1258,37505
Tamil Nadu,Kanyakumari,1863178,62362,61112,1048,79600
Tamil Nadu,Karur,1076588,24091,23523,356,17190
Tamil Nadu,Krishnagiri,1883731,43570,43036,348,14284
Tamil Nadu,Madurai,3991038,75215,73853,1172,97279
Tamil Nadu,Mayiladuthurai,901000,23280,22878,316,0
Tamil Nadu,Nagapattinam,1614069,21074,20561,346,20984
Tamil Nadu,Namakkal,1721179,52245,51253,498,24758
Tamil Nadu,Nilgiris,735071,33566,33164,212,45839
Tamil Nadu,Perambalur,564511,12067,11790,243,7981
Tamil Nadu,Pudukkottai,1918725,30183,29627,416,20835
Tamil Nadu,Ramanathapuram,1337560,20564,20158,357,23389
Tamil Nadu,Ranipet,1210277,43436,42557,775,20118
Tamil Nadu,Salem,3480008,99893,97619,1685,79660
Tamil Nadu,Sivaganga,1341250,20195,19854,206,25824
Tamil Nadu,Tenkasi,1407627,27357,26834,484,26338
Tamil Nadu,Thanjavur,2402781,75352,73874,972,67445
Tamil Nadu,Theni,1243684,43571,43018,521,45839
Tamil Nadu,Thiruvallur,3725697,119370,117138,1842,67948
Tamil Nadu,Thiruvarur,1268094,41461,40760,442,67445
Tamil Nadu,Thoothukkudi,1738376,56304,55757,409,49288
Tamil Nadu,Tiruchirappalli,2713858,77534,76038,1059,92586
Tamil Nadu,Tirunelveli,1665253,49374,48812,432,54208
Tamil Nadu,Tirupathur,1111812,29301,28600,625,23998
Tamil Nadu,Tiruppur,2471222,95405,93683,979,36301
Tamil Nadu,Tiruvannamalai,2468965,54968,54122,667,76170
Tamil Nadu,Vellore,1614242,49864,48564,1131,47936
Tamil Nadu,Viluppuram,2093003,45857,45382,356,52064
Tamil Nadu,Virudhunagar,1943309,46294,45687,548,28620
Tripura,Dhalai,377988,7037,7000,35,61582
Tripura,Gomati,436868,8134,8043,74,47437
Tripura,Khowai,327391,4559,4500,54,24046
Tripura,North Tripura,415946,7250,7199,34,100931
Tripura,Sipahijala,484233,6360,6273,75,53067
Tripura,South Tripura,433737,10168,10104,53,83030
Tripura,Unokoti,277335,8609,8530,68,34930
Tripura,West Tripura,917534,32351,31817,420,202939
Uttar Pradesh,Agra,4380793,25765,25308,457,491361
Uttar Pradesh,Aligarh,3673849,21280,21172,108,482825
Uttar Pradesh,Ambedkar Nagar,2398709,5040,4885,152,123151
Uttar Pradesh,Amethi,2549935,9972,9828,143,267014
Uttar Pradesh,Amroha,1838771,16616,16412,203,254038
Uttar Pradesh,Auraiya,1372287,10090,9887,203,107079
Uttar Pradesh,Ayodhya,2468371,16919,16629,290,376735
Uttar Pradesh,Azamgarh,4616509,17906,17675,228,12474
Uttar Pradesh,Baghpat,1302156,9132,8991,141,327192
Uttar Pradesh,Bahraich,2384239,11549,11371,178,308225
Uttar Pradesh,Ballia,3223642,21610,21376,234,267420
Uttar Pradesh,Balrampur,2149066,7494,7354,138,276237
Uttar Pradesh,Banda,1799541,10992,10832,158,303185
Uttar Pradesh,Barabanki,3257983,19850,19624,225,147422
Uttar Pradesh,Bareilly,4465344,44028,43650,377,465209
Uttar Pradesh,Basti,2461056,11717,11385,330,296570
Uttar Pradesh,Bhadohi,1554203,7720,7557,163,119023
Uttar Pradesh,Bijnor,3683896,14794,14668,126,312985
Uttar Pradesh,Budaun,3712738,14941,14843,98,224207
Uttar Pradesh,Bulandshahr,3498507,20215,19972,243,269090
Uttar Pradesh,Chandauli,1952713,16208,15852,356,211249
Uttar Pradesh,Chitrakoot,990626,7110,7031,79,234060
Uttar Pradesh,Deoria,3098637,20223,20003,220,304520
Uttar Pradesh,Etah,1761152,9968,9868,99,263295
Uttar Pradesh,Etawah,1579160,13933,13640,293,297761
Uttar Pradesh,Farrukhabad,1887577,10348,10153,194,231856
Uttar Pradesh,Fatehpur,2632684,6814,6674,139,82928
Uttar Pradesh,Firozabad,2496761,8720,8585,135,322656
Uttar Pradesh,Gautam Buddha Nagar,1674714,63353,62876,467,675396
Uttar Pradesh,Ghaziabad,4661452,55673,55207,461,712611
Uttar Pradesh,Ghazipur,3622727,21641,21359,282,265737
Uttar Pradesh,Gonda,3431386,12282,12016,266,241234
Uttar Pradesh,Gorakhpur,4436275,59439,58588,848,480536
Uttar Pradesh,Hamirpur,1104021,5232,5130,102,240382
Uttar Pradesh,Hapur,1338211,12638,12421,217,299725
Uttar Pradesh,Hardoi,4091380,13755,13406,349,224784
Uttar Pradesh,Hathras,1565678,2920,2877,43,260525
Uttar Pradesh,Jalaun,1670718,11687,11482,202,221719
Uttar Pradesh,Jaunpur,4476072,22584,22349,235,322824
Uttar Pradesh,Jhansi,2000755,36556,35892,663,312540
Uttar Pradesh,Kannauj,1658005,9231,9115,114,124019
Uttar Pradesh,Kanpur Dehat,1795092,6197,6087,110,344697
Uttar Pradesh,Kanpur Nagar,4572951,82933,81024,1905,685820
Uttar Pradesh,Kasganj,1438156,4250,4197,53,271969
Uttar Pradesh,Kaushambi,1596909,4424,4353,70,207064
Uttar Pradesh,Kushinagar,3560830,15617,15389,228,314772
Uttar Pradesh,Lakhimpur Kheri,4013634,24410,24117,292,368533
Uttar Pradesh,Lalitpur,1218002,12742,12613,128,21781
Uttar Pradesh,Lucknow,4588455,238839,236165,2651,1237583
Uttar Pradesh,Maharajganj,2665292,12440,12300,140,334716
Uttar Pradesh,Mahoba,876055,4268,4182,86,142992
Uttar Pradesh,Mainpuri,1847194,10028,9846,182,228496
Uttar Pradesh,Mathura,2541894,20297,19893,402,198379
Uttar Pradesh,Mau,2205170,8333,8252,80,281445
Uttar Pradesh,Meerut,3447405,69480,68567,898,798404
Uttar Pradesh,Mirzapur,2494533,11088,10972,116,312764
Uttar Pradesh,Moradabad,4773138,39102,38752,349,400459
Uttar Pradesh,Muzaffarnagar,4138605,31009,30737,269,161704
Uttar Pradesh,Pilibhit,2037225,11032,10838,193,291538
Uttar Pradesh,Pratapgarh,3173752,16038,15875,163,100500
Uttar Pradesh,Prayagraj,5959798,78699,77609,1088,729300
Uttar Pradesh,Rae Bareli,3404004,17104,16761,343,387408
Uttar Pradesh,Rampur,2335398,11826,11676,148,274288
Uttar Pradesh,Saharanpur,3464228,32730,32309,420,266387
Uttar Pradesh,Sambhal,2217020,9438,9331,106,309333
Uttar Pradesh,Sant Kabir Nagar,1714300,8159,8061,98,292606
Uttar Pradesh,Shahjahanpur,3002376,20361,19916,444,437195
Uttar Pradesh,Shamli,1274815,12976,12931,45,246597
Uttar Pradesh,Shrawasti,1114615,4388,4353,35,221566
Uttar Pradesh,Siddharthnagar,2553526,9373,9273,100,295047
Uttar Pradesh,Sitapur,4474446,12398,12211,185,289473
Uttar Pradesh,Sonbhadra,1862612,16807,16556,251,306175
Uttar Pradesh,Sultanpur,3790922,14915,14777,138,309395
Uttar Pradesh,Unnao,3110595,15011,14757,254,298886
Uttar Pradesh,Varanasi,3682194,85501,84528,971,595510
Uttarakhand,Almora,621927,12190,11378,196,84443
Uttarakhand,Bageshwar,259840,5764,5678,60,55626
Uttarakhand,Chamoli,391114,12242,11972,62,90390
Uttarakhand,Champawat,259315,7603,7358,53,95068
Uttarakhand,Dehradun,1698560,112363,108137,3521,401496
Uttarakhand,Haridwar,1927029,51498,49096,1019,369542
Uttarakhand,Nainital,955128,39232,38140,944,204422
Uttarakhand,Pauri Garhwal,686527,17686,16668,315,138878
Uttarakhand,Pithoragarh,485993,10260,9962,181,72686
Uttarakhand,Rudraprayag,236857,8800,8535,106,52378
Uttarakhand,Tehri Garhwal,616409,15835,14827,108,105111
Uttarakhand,Udham Singh Nagar,1648367,37875,36315,761,337292
Uttarakhand,Uttarkashi,329686,12548,12129,74,120026
West Bengal,Alipurduar,1700000,15589,15441,102,0
West Bengal,Bankura,3596292,36313,35839,274,0
West Bengal,Birbhum,3502387,41197,40727,286,0
West Bengal,Cooch Behar,2822780,29275,29060,97,0
West Bengal,Dakshin Dinajpur,1670931,17889,17573,170,0
West Bengal,Darjeeling,1842034,57143,56326,539,0
West Bengal,Hooghly,5520389,86300,84650,990,0
West Bengal,Howrah,4841638,98757,96567,1524,0
West Bengal,Jalpaiguri,3869675,41982,41256,572,0
West Bengal,Jhargram,1136548,12135,12063,27,0
West Bengal,Kalimpong,251642,7036,6950,54,0
West Bengal,Kolkata,4486679,322541,315146,5152,0
West Bengal,Malda,3997970,33406,33121,186,0
West Bengal,Murshidabad,7102430,33993,33605,328,0
West Bengal,Nadia,5168488,73333,72054,859,0
West Bengal,North 24 Parganas,10082852,329257,323097,4833,0
West Bengal,Paschim Bardhaman,2882031,57778,57184,356,0
West Bengal,Paschim Medinipur,5094238,53581,52820,507,0
West Bengal,Purba Bardhaman,4835532,42005,41588,198,0
West Bengal,Purba Medinipur,4417377,63098,62549,397,0
West Bengal,Purulia,2927965,19419,19283,113,0
West Bengal,South 24 Parganas,8153176,100957,98950,1336,0
West Bengal,Uttar Dinajpur,3000849,19858,19559,238,0
